{
  "__ConfigsMigration__userValeusSameToDefaultAreCleared": true,
  "configsVersion": 3,
  "confirmDialogHeight": 682,
  "confirmDialogLeft": 337,
  "confirmDialogTop": 491,
  "confirmDialogWidth": 703,
  "confirmNewDomainRecipients": true,
  "confirmationMode": 2,
  "countdownDialogLeft": 531,
  "countdownDialogTop": 563,
  "countdownSeconds": 10,
  "debug": true,
  "emphasizeRecipientType": true,
  "emphasizeTopMessage": true,
  "extraStyleRules": ".rich-confirm-dialog.for-new-domain-recipients { background: red !important; padding: 1.5em; }  .rich-confirm-dialog.for-new-domain-recipients::before { color: white !important; content: \"⨉警告！\"; display: block; font-size: x-large !important; font-weight: bold !important; position: relative; text-align: center; top: -0.5em; } .rich-confirm-dialog.for-new-domain-recipients .rich-confirm-content { background: var(--bg-color) !important; padding: 1em; } .rich-confirm-dialog.for-new-domain-recipients .rich-confirm-content strong { font-size: large; font-weight: bold; }",
  "internalDomains": [
    "clear-code.com",
    "*.clear.code@gmail.com"
  ],
  "lastClipboardData": {
    "messageSignature": "{\"subject\":\"社内宛のメール\",\"from\":\"piro-test@clear-code.com\",\"to\":[\"yuki@clear-code.com\"],\"cc\":[],\"bcc\":[]}",
    "text": "このメールは社内宛のメールで、特に機密情報は含んでいませんが、本文の内容を社外宛 \nに誤送信すると問題となる恐れがあります。誤送信にはくれぐれも注意してください。\n\n進行中の案件の情報進行中の案件の情報進行中の案件の情報進行中の案件の情報進行中の \n案件の情報進行中の案件の情報進行中の案件の情報進行中の案件の情報進行中の案件の情 \n報進行中の案件の情報進行中の案件の情報進行中の案件の情報進行中の案件の情報進行中 \nの案件の情報進行中の案件の情報進行中の案件の情報進行中の案件の情報進行中の案件の \n情報進行中の案件の情報進行中の案件の情報"
  },
  "showCountdown": true,
  "userRules": [
    {
      "id": "builtInAttentionDomains",
      "itemsLocal": [
        "example.net"
      ]
    },
    {
      "id": "builtInAttentionSuffixes",
      "enabled": true,
      "highlight": 1,
      "itemsLocal": [
        "png"
      ]
    },
    {
      "id": "builtInAttentionTerms",
      "enabled": true,
      "itemsLocal": [
        "社外秘"
      ]
    },
    {
      "id": "builtInBlockedDomains",
      "enabled": true,
      "itemsLocal": [
        "danger.example.org",
        "danger.example.com"
      ]
    },
    {
      "id": "rule-1725946080436-15572",
      "name": "社外秘の情報を本文に含むメールの場合は再度警告する",
      "enabled": true,
      "matchTarget": 5,
      "highlight": 3,
      "action": 3,
      "itemsSource": 0,
      "itemsLocal": [
        "社外秘"
      ],
      "itemsFile": "",
      "confirmTitle": "",
      "confirmMessage": "社外秘であることを示唆する以下の語句が本文に含まれています。\n\n<strong>%S</strong>\n\n宛先に問題がない事を確認の上でメールを送信してください。"
    }
  ]
}